amfi_code,scheme_name,category,cagr_3yr,sharpe_ratio,alpha,expense_ratio_pct,max_drawdown,return_rank,sharpe_rank,alpha_rank,expense_rank_inverse,max_dd_rank_inverse,fund_score,rank
120505,ICICI Pru Midcap Fund - Regular - Growth,Mid Cap,0.317775371512347,1.180101197660648,0.2926358334175095,1.36,-0.1818851357211629,90.0,90.0,95.0,65.0,62.5,84.5,1
119094,Axis Midcap Fund - Regular - Growth,Mid Cap,0.3511180209642852,0.99823098686364,0.2607666908004213,1.38,-0.2096088386203919,100.0,75.0,80.0,60.0,70.0,80.75,2
100033,HDFC Mid-Cap Opportunities Fund - Regular - Growth,Mid Cap,0.3244245942195611,1.0936987435346326,0.271953545012853,1.38,-0.1621720857464484,92.5,85.0,87.5,60.0,50.0,80.5,3
148567,Mirae Asset Large Cap Fund - Regular - Growth,Large Cap,0.3400091602163293,1.4482911703262529,0.2698375144191788,1.46,-0.1126572907502827,97.5,100.0,85.0,45.0,20.0,80.0,4
120843,Kotak Flexicap Fund - Regular - Growth,Flexi Cap,0.2958277033726251,1.306743969542841,0.2733046503830598,1.45,-0.1297396816518679,85.0,97.5,90.0,47.5,32.5,78.25,5
120504,ICICI Pru Bluechip Fund - Direct - Growth,Large Cap,0.3248742855621496,1.026524284799298,0.2119482701352563,0.8,-0.1258827560692251,95.0,77.5,70.0,72.5,30.0,75.75,6
119598,SBI Small Cap Fund - Regular Plan - Growth,Small Cap,0.2666992200118774,0.945308257515609,0.3033696538698325,1.43,-0.2870600572176455,72.5,67.5,100.0,50.0,90.0,75.125,7
149324,DSP Small Cap Fund - Regular - Growth,Small Cap,0.2700042661451924,0.9497958246616024,0.3005787817097666,1.52,-0.3117190030063421,77.5,70.0,97.5,36.25,92.5,74.9375,8
148569,Mirae Asset Tax Saver Fund - Regular - Growth,ELSS,0.2917890157839378,1.2349300257743308,0.2827036785246577,1.6,-0.1639674294693263,82.5,95.0,92.5,11.25,52.5,73.9375,9
119551,SBI Bluechip Fund - Regular Plan - Growth,Large Cap,0.3045652442030289,1.2082665673727144,0.2320100716063496,1.54,-0.1501238549864533,87.5,92.5,77.5,26.25,42.5,73.0625,10
118632,Nippon India Large Cap Fund - Regular - Growth,Large Cap,0.2265235983009863,1.081659179345703,0.2182939790460857,1.51,-0.1741407508665723,67.5,82.5,75.0,41.25,57.49999999999999,67.8125,11
149323,DSP Midcap Fund - Regular - Growth,Mid Cap,0.268699908289022,1.1321218524747216,0.265985775420429,1.61,-0.1724810575345138,75.0,87.5,82.5,7.5,55.00000000000001,67.5,12
101206,ABSL Frontline Equity Fund - Regular - Growth,Large Cap,0.2896769452874166,1.02721332787537,0.2139978477605115,1.6,-0.1129159632932307,80.0,80.0,72.5,11.25,22.5,62.4375,13
118633,Nippon India Large Cap Fund - Direct - Growth,Large Cap,0.2108997654925684,0.6452074382933205,0.1564383594816961,0.72,-0.1862974313859551,65.0,50.0,47.5,88.75,65.0,61.3125,14
119552,SBI Bluechip Fund - Direct Plan - Growth,Large Cap,0.1626737229462491,0.9532794968660095,0.1986859936686288,0.66,-0.1180349350276429,45.0,72.5,65.0,92.5,27.500000000000004,61.25,15
125497,HDFC Top 100 Fund - Direct Plan - Growth,Large Cap,0.1843448861052017,0.7757902498211187,0.1772975492753168,0.92,-0.1520001305560639,55.00000000000001,57.49999999999999,62.5,67.5,45.0,58.0,16
120506,ICICI Pru Value Discovery Fund - Regular - Growth,Value,0.1842199653744454,0.6488787755249527,0.16253853279981,1.41,-0.1982565826298267,52.5,52.5,52.5,55.00000000000001,67.5,54.375,17
118635,Nippon India ETF Nifty 50 BeES,Index/ETF,0.2000820838047148,0.6648569985490608,0.1513635464823918,0.89,-0.1165062450540909,60.0,55.00000000000001,45.0,70.0,25.0,53.75,18
119093,Axis Bluechip Fund - Direct - Growth,Large Cap,0.2081677117553586,0.1296144979566887,0.0823280129522202,0.75,-0.2175139637014822,62.5,30.0,32.5,82.5,77.5,52.875,19
148568,Mirae Asset Emerging Bluechip Fund - Regular - Growth,Large & Mid Cap,0.1474803553358601,0.9262873467360142,0.2087301008694227,1.52,-0.1527259422823477,42.5,65.0,67.5,36.25,47.5,52.6875,20
102887,UTI Flexi Cap Fund - Regular - Growth,Flexi Cap,0.2555618790412652,0.6195175900829824,0.1621125679403321,1.64,-0.2153982711238322,70.0,47.5,50.0,3.75,75.0,50.9375,21
120503,ICICI Pru Bluechip Fund - Regular - Growth,Large Cap,0.1397838193370304,0.7979728586052823,0.1770330236584399,1.42,-0.1389786282306163,40.0,60.0,60.0,52.5,35.0,50.375,22
102885,UTI Nifty 50 Index Fund - Regular - Growth,Index,0.1966726206830185,0.8170993373494353,0.1704875680341263,1.57,-0.1085986215250232,57.49999999999999,62.5,55.00000000000001,17.5,17.5,48.25,23
125498,HDFC Mid-Cap Opportunities Fund - Direct - Growth,Mid Cap,0.1124522286662141,0.3006119210425451,0.1198910097121789,0.78,-0.2111727956013211,37.5,35.0,37.5,77.5,72.5,46.375,24
118634,Nippon India Small Cap Fund - Regular - Growth,Small Cap,0.0800792772865608,0.4484340089089896,0.1750072167561119,1.53,-0.2334488614483311,35.0,37.5,57.49999999999999,31.25,80.0,44.0625,25
149322,DSP Top 100 Equity Fund - Regular - Growth,Large Cap,0.1804420648663613,0.4640374492204744,0.1317319022609936,1.54,-0.1484457691777174,50.0,40.0,42.5,26.25,40.0,41.4375,26
120841,Kotak Bluechip Fund - Regular - Growth,Large Cap,0.1726727508371786,0.4942725378672303,0.1304292445070536,1.59,-0.1757361416468729,47.5,42.5,40.0,15.0,60.0,41.125,27
120507,ICICI Pru Liquid Fund - Regular - Growth,Liquid,0.0739428630036007,0.4957233929519047,0.0674621041109882,0.74,-0.0009773140045925,30.0,45.0,25.0,85.0,2.5,38.25,28
120842,Kotak Emerging Equity Fund - Regular - Growth,Mid Cap,0.0775600355132728,0.0759998480465841,0.0780443887615498,1.56,-0.2400351132627488,32.5,27.500000000000004,30.0,20.0,82.5,33.875,29
119599,SBI Small Cap Fund - Direct Plan - Growth,Small Cap,-0.0133738661448811,-0.0571866258281819,0.0488242159455394,0.72,-0.5257422117012851,7.5,22.5,12.5,88.75,100.0,33.6875,30
120844,Kotak Liquid Fund - Regular - Growth,Liquid,0.0669597162458699,-0.0887472962169807,0.0645567749537528,0.6,-0.0011629327956168,27.500000000000004,17.5,22.5,95.0,5.0,31.875,31
101207,ABSL Small Cap Fund - Regular - Growth,Small Cap,-0.0415238104485448,0.1626607692864676,0.1089709190170452,1.53,-0.3544691649336603,5.0,32.5,35.0,31.25,95.0,30.8125,32
118636,Nippon India Gilt Securities Fund - Regular - Growth,Gilt,0.0406220502377714,-0.3566295075144002,0.0507477299997599,0.55,-0.083163617636387,20.0,7.5,15.0,100.0,15.0,27.375,33
119095,Axis Small Cap Fund - Regular - Growth,Small Cap,-0.1170580672399527,-0.0759735711747894,0.0480159536377595,1.38,-0.5167775370852656,2.5,20.0,10.0,60.0,97.5,26.5,34
119120,SBI Magnum Gilt Fund - Regular Plan - Growth,Gilt,0.0584035879846309,-0.2265753866279454,0.0562089521663826,0.77,-0.0432872892397009,22.5,10.0,17.5,80.0,12.5,26.0,35
101208,ABSL Liquid Fund - Regular - Growth,Liquid,0.063157844913755,-0.8155673679101677,0.0608614579578647,0.79,-0.0016224980244717,25.0,2.5,20.0,75.0,7.5,24.125,36
100025,HDFC Short Term Debt Fund - Regular - Growth,Short Duration,0.0391638995710403,-0.5670947928477088,0.0428179203150603,0.56,-0.0430826382463634,17.5,5.0,7.5,97.5,10.0,23.625,37
102886,UTI Mid Cap Fund - Regular - Growth,Mid Cap,-0.0076740631785472,-0.2058316078547049,0.0289693978663792,1.51,-0.2800112356639287,10.0,12.5,2.5,41.25,87.5,21.5625,38
100016,HDFC Top 100 Fund - Regular Plan - Growth,Large Cap,0.0129264934249562,-0.2015170675596697,0.0374758076344328,1.55,-0.247344408806733,15.0,15.0,5.0,22.5,85.0,21.125,39
119092,Axis Bluechip Fund - Regular - Growth,Large Cap,0.0052588712097574,0.0307848509545838,0.0689952982167752,1.64,-0.1440161790933726,12.5,25.0,27.500000000000004,3.75,37.5,19.8125,40
